dataset,seed,layer,dfe,label
heloc,0.0,3.0,0.10016971081495285,marginal
heloc,0.0,3.0,0.07710779458284378,conditional
heloc,0.0,3.0,0.01442599557321838,accumulated
heloc,0.0,2.0,0.4203845262527466,marginal
heloc,0.0,2.0,0.38485050201416016,conditional
heloc,0.0,2.0,0.047148490453016584,accumulated
heloc,0.0,1.0,0.5838610529899597,marginal
heloc,0.0,1.0,0.60533607006073,conditional
heloc,0.0,1.0,0.0737529848610625,accumulated
heloc,1.0,3.0,0.16914744675159454,marginal
heloc,1.0,3.0,0.13661909103393555,conditional
heloc,1.0,3.0,0.02418614321339146,accumulated
heloc,1.0,2.0,0.05947745218873024,marginal
heloc,1.0,2.0,0.05747316777706146,conditional
heloc,1.0,2.0,0.04210046061465834,accumulated
heloc,1.0,1.0,0.09258105605840683,marginal
heloc,1.0,1.0,0.12129078805446625,conditional
heloc,1.0,1.0,0.10087021729291763,accumulated
heloc,2.0,3.0,0.12081585079431534,marginal
heloc,2.0,3.0,0.09305538982152939,conditional
heloc,2.0,3.0,0.014754152694798505,accumulated
heloc,2.0,2.0,0.3738299310207367,marginal
heloc,2.0,2.0,0.32498979568481445,conditional
heloc,2.0,2.0,0.07438522545697814,accumulated
heloc,2.0,1.0,0.39058130979537964,marginal
heloc,2.0,1.0,0.3407960534095764,conditional
heloc,2.0,1.0,0.07951243459243483,accumulated
heloc,3.0,3.0,0.2283616065979004,marginal
heloc,3.0,3.0,0.19257870316505432,conditional
heloc,3.0,3.0,0.03902130069543317,accumulated
heloc,3.0,2.0,0.3671572208404541,marginal
heloc,3.0,2.0,0.320451021194458,conditional
heloc,3.0,2.0,0.07166030341513346,accumulated
heloc,3.0,1.0,0.39089682698249817,marginal
heloc,3.0,1.0,0.3408917784690857,conditional
heloc,3.0,1.0,0.07945870116940529,accumulated
heloc,4.0,3.0,0.06946536153554916,marginal
heloc,4.0,3.0,0.05312767252326012,conditional
heloc,4.0,3.0,0.00969234992137726,accumulated
heloc,4.0,2.0,0.37184861302375793,marginal
heloc,4.0,2.0,0.36569735407829285,conditional
heloc,4.0,2.0,0.05237928209058396,accumulated
heloc,4.0,1.0,0.3265995681285858,marginal
heloc,4.0,1.0,0.3025209903717041,conditional
heloc,4.0,1.0,0.0976111073879233,accumulated
heloc,5.0,3.0,0.04854733496904373,marginal
heloc,5.0,3.0,0.035647641867399216,conditional
heloc,5.0,3.0,0.007742001820400031,accumulated
heloc,5.0,2.0,0.35139209032058716,marginal
heloc,5.0,2.0,0.3019673228263855,conditional
heloc,5.0,2.0,0.05444046112925404,accumulated
heloc,5.0,1.0,0.39089682698249817,marginal
heloc,5.0,1.0,0.3408918082714081,conditional
heloc,5.0,1.0,0.07945870083717171,accumulated
heloc,6.0,3.0,0.14457905292510986,marginal
heloc,6.0,3.0,0.11181222647428513,conditional
heloc,6.0,3.0,0.017510334148141918,accumulated
heloc,6.0,2.0,0.16134309768676758,marginal
heloc,6.0,2.0,0.13410153985023499,conditional
heloc,6.0,2.0,0.037208814788017526,accumulated
heloc,6.0,1.0,0.5229905843734741,marginal
heloc,6.0,1.0,0.5521178245544434,conditional
heloc,6.0,1.0,0.08334027482986481,accumulated
heloc,7.0,3.0,0.05500541999936104,marginal
heloc,7.0,3.0,0.04166758060455322,conditional
heloc,7.0,3.0,0.007784515305482009,accumulated
heloc,7.0,2.0,0.10453235357999802,marginal
heloc,7.0,2.0,0.13931532204151154,conditional
heloc,7.0,2.0,0.05895439219896782,accumulated
heloc,7.0,1.0,0.39037686586380005,marginal
heloc,7.0,1.0,0.34060946106910706,conditional
heloc,7.0,1.0,0.07944730478698551,accumulated
heloc,8.0,3.0,0.052159953862428665,marginal
heloc,8.0,3.0,0.042598068714141846,conditional
heloc,8.0,3.0,0.009506615039729396,accumulated
heloc,8.0,2.0,0.3364311158657074,marginal
heloc,8.0,2.0,0.28709694743156433,conditional
heloc,8.0,2.0,0.05949745820048509,accumulated
heloc,8.0,1.0,0.3902505934238434,marginal
heloc,8.0,1.0,0.3405921161174774,conditional
heloc,8.0,1.0,0.07966963786376578,accumulated
heloc,9.0,3.0,0.048433490097522736,marginal
heloc,9.0,3.0,0.036559171974658966,conditional
heloc,9.0,3.0,0.008185448124144328,accumulated
heloc,9.0,2.0,0.32301613688468933,marginal
heloc,9.0,2.0,0.3275987505912781,conditional
heloc,9.0,2.0,0.07730384875024264,accumulated
heloc,9.0,1.0,0.398609459400177,marginal
heloc,9.0,1.0,0.4749181270599365,conditional
heloc,9.0,1.0,0.11819212446238102,accumulated
heloc,10.0,3.0,0.03122321143746376,marginal
heloc,10.0,3.0,0.022551313042640686,conditional
heloc,10.0,3.0,0.004956071501989545,accumulated
heloc,10.0,2.0,0.3020317554473877,marginal
heloc,10.0,2.0,0.25352516770362854,conditional
heloc,10.0,2.0,0.05215505667615547,accumulated
heloc,10.0,1.0,0.15643854439258575,marginal
heloc,10.0,1.0,0.18171115219593048,conditional
heloc,10.0,1.0,0.11806780772687425,accumulated
heloc,11.0,3.0,0.06115107983350754,marginal
heloc,11.0,3.0,0.050442591309547424,conditional
heloc,11.0,3.0,0.011190285851804071,accumulated
heloc,11.0,2.0,0.17797575891017914,marginal
heloc,11.0,2.0,0.15067340433597565,conditional
heloc,11.0,2.0,0.037322676290581336,accumulated
heloc,11.0,1.0,0.608985424041748,marginal
heloc,11.0,1.0,0.659058690071106,conditional
heloc,11.0,1.0,0.07945039233103927,accumulated
heloc,12.0,3.0,0.10512744635343552,marginal
heloc,12.0,3.0,0.0840543732047081,conditional
heloc,12.0,3.0,0.013960921236393378,accumulated
heloc,12.0,2.0,0.10608676075935364,marginal
heloc,12.0,2.0,0.09648384898900986,conditional
heloc,12.0,2.0,0.04510326569256559,accumulated
heloc,12.0,1.0,0.1292189359664917,marginal
heloc,12.0,1.0,0.14727571606636047,conditional
heloc,12.0,1.0,0.06803024506479317,accumulated
heloc,13.0,3.0,0.10897914320230484,marginal
heloc,13.0,3.0,0.0833764597773552,conditional
heloc,13.0,3.0,0.0127136094778578,accumulated
heloc,13.0,2.0,0.2013241946697235,marginal
heloc,13.0,2.0,0.18449774384498596,conditional
heloc,13.0,2.0,0.042654013374786894,accumulated
heloc,13.0,1.0,0.1719786673784256,marginal
heloc,13.0,1.0,0.18830178678035736,conditional
heloc,13.0,1.0,0.15699206435984106,accumulated
heloc,14.0,3.0,0.13474486768245697,marginal
heloc,14.0,3.0,0.10495544224977493,conditional
heloc,14.0,3.0,0.01634924034952524,accumulated
heloc,14.0,2.0,0.22902368009090424,marginal
heloc,14.0,2.0,0.18065319955348969,conditional
heloc,14.0,2.0,0.035595931818781075,accumulated
heloc,14.0,1.0,0.3614424765110016,marginal
heloc,14.0,1.0,0.31947046518325806,conditional
heloc,14.0,1.0,0.08180490862673383,accumulated
heloc,15.0,3.0,0.09342792630195618,marginal
heloc,15.0,3.0,0.07070203125476837,conditional
heloc,15.0,3.0,0.009896126544137603,accumulated
heloc,15.0,2.0,0.37153390049934387,marginal
heloc,15.0,2.0,0.32374921441078186,conditional
heloc,15.0,2.0,0.07897467931239004,accumulated
heloc,15.0,1.0,0.3908159136772156,marginal
heloc,15.0,1.0,0.34081926941871643,conditional
heloc,15.0,1.0,0.07939411073340934,accumulated
heloc,16.0,3.0,0.01947070099413395,marginal
heloc,16.0,3.0,0.015955250710248947,conditional
heloc,16.0,3.0,0.004956562023327576,accumulated
heloc,16.0,2.0,0.05243662744760513,marginal
heloc,16.0,2.0,0.06171708554029465,conditional
heloc,16.0,2.0,0.04292871507537217,accumulated
heloc,16.0,1.0,0.39038267731666565,marginal
heloc,16.0,1.0,0.34020373225212097,conditional
heloc,16.0,1.0,0.07945948039761083,accumulated
heloc,17.0,3.0,0.060691557824611664,marginal
heloc,17.0,3.0,0.044578470289707184,conditional
heloc,17.0,3.0,0.008346428800952987,accumulated
heloc,17.0,2.0,0.03140277788043022,marginal
heloc,17.0,2.0,0.03564691171050072,conditional
heloc,17.0,2.0,0.029291668308195847,accumulated
heloc,17.0,1.0,0.14538148045539856,marginal
heloc,17.0,1.0,0.10494300723075867,conditional
heloc,17.0,1.0,0.06443897993470667,accumulated
heloc,18.0,3.0,0.07368148863315582,marginal
heloc,18.0,3.0,0.06958432495594025,conditional
heloc,18.0,3.0,0.014841990800017954,accumulated
heloc,18.0,2.0,0.150480255484581,marginal
heloc,18.0,2.0,0.13307800889015198,conditional
heloc,18.0,2.0,0.04515100303435244,accumulated
heloc,18.0,1.0,0.37295106053352356,marginal
heloc,18.0,1.0,0.33032798767089844,conditional
heloc,18.0,1.0,0.07411169607425397,accumulated
heloc,19.0,3.0,0.02952604740858078,marginal
heloc,19.0,3.0,0.024886012077331543,conditional
heloc,19.0,3.0,0.0058891513900249295,accumulated
heloc,19.0,2.0,0.3852345943450928,marginal
heloc,19.0,2.0,0.33694884181022644,conditional
heloc,19.0,2.0,0.07934511738435282,accumulated
heloc,19.0,1.0,0.39089682698249817,marginal
heloc,19.0,1.0,0.3408918082714081,conditional
heloc,19.0,1.0,0.07945870079298452,accumulated
gaussian,0.0,3.0,0.013226525858044624,marginal
gaussian,0.0,3.0,0.01210142020136118,conditional
gaussian,0.0,3.0,0.016523077995362276,accumulated
gaussian,0.0,2.0,0.10580737888813019,marginal
gaussian,0.0,2.0,0.11266793310642242,conditional
gaussian,0.0,2.0,0.05628474792714577,accumulated
gaussian,0.0,1.0,0.17930814623832703,marginal
gaussian,0.0,1.0,0.21012218296527863,conditional
gaussian,0.0,1.0,0.1997711150105679,accumulated
gaussian,1.0,3.0,0.006702464073896408,marginal
gaussian,1.0,3.0,0.006466168910264969,conditional
gaussian,1.0,3.0,0.008405596584151149,accumulated
gaussian,1.0,2.0,0.0894673690199852,marginal
gaussian,1.0,2.0,0.09130840003490448,conditional
gaussian,1.0,2.0,0.06574977499275886,accumulated
gaussian,1.0,1.0,0.2589760422706604,marginal
gaussian,1.0,1.0,0.29524749517440796,conditional
gaussian,1.0,1.0,0.1852506514850871,accumulated
gaussian,2.0,3.0,0.008962712250649929,marginal
gaussian,2.0,3.0,0.008558339439332485,conditional
gaussian,2.0,3.0,0.011065130430380918,accumulated
gaussian,2.0,2.0,0.08542537689208984,marginal
gaussian,2.0,2.0,0.08460969477891922,conditional
gaussian,2.0,2.0,0.06328792182809974,accumulated
gaussian,2.0,1.0,0.5151626467704773,marginal
gaussian,2.0,1.0,0.5074777603149414,conditional
gaussian,2.0,1.0,0.12772896831178296,accumulated
gaussian,3.0,3.0,0.021841157227754593,marginal
gaussian,3.0,3.0,0.020352397114038467,conditional
gaussian,3.0,3.0,0.024177349935332014,accumulated
gaussian,3.0,2.0,0.2247847616672516,marginal
gaussian,3.0,2.0,0.22300882637500763,conditional
gaussian,3.0,2.0,0.09757382317124269,accumulated
gaussian,3.0,1.0,0.47961679100990295,marginal
gaussian,3.0,1.0,0.48475855588912964,conditional
gaussian,3.0,1.0,0.12842072748919442,accumulated
gaussian,4.0,3.0,0.005418136715888977,marginal
gaussian,4.0,3.0,0.005573940463364124,conditional
gaussian,4.0,3.0,0.009537469747708669,accumulated
gaussian,4.0,2.0,0.04889831691980362,marginal
gaussian,4.0,2.0,0.05818495154380798,conditional
gaussian,4.0,2.0,0.05724778768732606,accumulated
gaussian,4.0,1.0,0.20468387007713318,marginal
gaussian,4.0,1.0,0.23536553978919983,conditional
gaussian,4.0,1.0,0.1676724471585478,accumulated
gaussian,5.0,3.0,0.006325471214950085,marginal
gaussian,5.0,3.0,0.005897062364965677,conditional
gaussian,5.0,3.0,0.007391767152058361,accumulated
gaussian,5.0,2.0,0.26890674233436584,marginal
gaussian,5.0,2.0,0.2728211283683777,conditional
gaussian,5.0,2.0,0.09996852463898713,accumulated
gaussian,5.0,1.0,0.47961679100990295,marginal
gaussian,5.0,1.0,0.48475855588912964,conditional
gaussian,5.0,1.0,0.12842072748919442,accumulated
gaussian,6.0,3.0,0.007540162652730942,marginal
gaussian,6.0,3.0,0.0071400986053049564,conditional
gaussian,6.0,3.0,0.0094574858951394,accumulated
gaussian,6.0,2.0,0.1266436129808426,marginal
gaussian,6.0,2.0,0.12999427318572998,conditional
gaussian,6.0,2.0,0.08185492922801933,accumulated
gaussian,6.0,1.0,0.47961679100990295,marginal
gaussian,6.0,1.0,0.48475855588912964,conditional
gaussian,6.0,1.0,0.12842072748919442,accumulated
gaussian,7.0,3.0,0.00783460307866335,marginal
gaussian,7.0,3.0,0.007483207620680332,conditional
gaussian,7.0,3.0,0.010247706132818295,accumulated
gaussian,7.0,2.0,0.14458505809307098,marginal
gaussian,7.0,2.0,0.14492952823638916,conditional
gaussian,7.0,2.0,0.06172747560786931,accumulated
gaussian,7.0,1.0,0.3281612694263458,marginal
gaussian,7.0,1.0,0.35113781690597534,conditional
gaussian,7.0,1.0,0.1947570866150641,accumulated
gaussian,8.0,3.0,0.0010605193674564362,marginal
gaussian,8.0,3.0,0.0013143104733899236,conditional
gaussian,8.0,3.0,0.004598778044033753,accumulated
gaussian,8.0,2.0,0.06266600638628006,marginal
gaussian,8.0,2.0,0.06616543233394623,conditional
gaussian,8.0,2.0,0.0630976076291738,accumulated
gaussian,8.0,1.0,0.30471646785736084,marginal
gaussian,8.0,1.0,0.3491460680961609,conditional
gaussian,8.0,1.0,0.17290728628128121,accumulated
gaussian,9.0,3.0,0.030232179909944534,marginal
gaussian,9.0,3.0,0.028248917311429977,conditional
gaussian,9.0,3.0,0.03698619158112261,accumulated
gaussian,9.0,2.0,0.21351301670074463,marginal
gaussian,9.0,2.0,0.21769404411315918,conditional
gaussian,9.0,2.0,0.0914887769714921,accumulated
gaussian,9.0,1.0,0.34681636095046997,marginal
gaussian,9.0,1.0,0.3586268723011017,conditional
gaussian,9.0,1.0,0.16874851058034052,accumulated
gaussian,10.0,3.0,0.00988185964524746,marginal
gaussian,10.0,3.0,0.009950277395546436,conditional
gaussian,10.0,3.0,0.018057251940232447,accumulated
gaussian,10.0,2.0,0.05231047421693802,marginal
gaussian,10.0,2.0,0.05693509057164192,conditional
gaussian,10.0,2.0,0.05167149861454925,accumulated
gaussian,10.0,1.0,0.4796167016029358,marginal
gaussian,10.0,1.0,0.48475855588912964,conditional
gaussian,10.0,1.0,0.12842072748919442,accumulated
gaussian,11.0,3.0,0.019607478752732277,marginal
gaussian,11.0,3.0,0.017782973125576973,conditional
gaussian,11.0,3.0,0.02392267818084563,accumulated
gaussian,11.0,2.0,0.20383505523204803,marginal
gaussian,11.0,2.0,0.20911867916584015,conditional
gaussian,11.0,2.0,0.0850392756141035,accumulated
gaussian,11.0,1.0,0.10989876836538315,marginal
gaussian,11.0,1.0,0.14041733741760254,conditional
gaussian,11.0,1.0,0.1632836540040356,accumulated
gaussian,12.0,3.0,0.0028303000144660473,marginal
gaussian,12.0,3.0,0.002777988091111183,conditional
gaussian,12.0,3.0,0.005219817961058368,accumulated
gaussian,12.0,2.0,0.08659921586513519,marginal
gaussian,12.0,2.0,0.09184791892766953,conditional
gaussian,12.0,2.0,0.06824542063794391,accumulated
gaussian,12.0,1.0,0.4142250418663025,marginal
gaussian,12.0,1.0,0.43550509214401245,conditional
gaussian,12.0,1.0,0.11560557601711878,accumulated
gaussian,13.0,3.0,0.017945796251296997,marginal
gaussian,13.0,3.0,0.016985507681965828,conditional
gaussian,13.0,3.0,0.023132211273080523,accumulated
gaussian,13.0,2.0,0.09844493865966797,marginal
gaussian,13.0,2.0,0.103240966796875,conditional
gaussian,13.0,2.0,0.07547734432394822,accumulated
gaussian,13.0,1.0,0.41313228011131287,marginal
gaussian,13.0,1.0,0.42370811104774475,conditional
gaussian,13.0,1.0,0.12239042314930866,accumulated
gaussian,14.0,3.0,0.011746191419661045,marginal
gaussian,14.0,3.0,0.011678225360810757,conditional
gaussian,14.0,3.0,0.01654942515265661,accumulated
gaussian,14.0,2.0,0.18475785851478577,marginal
gaussian,14.0,2.0,0.1846485584974289,conditional
gaussian,14.0,2.0,0.08497491088467787,accumulated
gaussian,14.0,1.0,0.5183531641960144,marginal
gaussian,14.0,1.0,0.5130780935287476,conditional
gaussian,14.0,1.0,0.12737771969418626,accumulated
gaussian,15.0,3.0,0.0021710144355893135,marginal
gaussian,15.0,3.0,0.002812117338180542,conditional
gaussian,15.0,3.0,0.004819533156817603,accumulated
gaussian,15.0,2.0,0.06298008561134338,marginal
gaussian,15.0,2.0,0.05644091218709946,conditional
gaussian,15.0,2.0,0.04734960470123964,accumulated
gaussian,15.0,1.0,0.5178329348564148,marginal
gaussian,15.0,1.0,0.5120449662208557,conditional
gaussian,15.0,1.0,0.1280831209630348,accumulated
gaussian,16.0,3.0,0.01796673610806465,marginal
gaussian,16.0,3.0,0.016247030347585678,conditional
gaussian,16.0,3.0,0.021814791355480437,accumulated
gaussian,16.0,2.0,0.03045346960425377,marginal
gaussian,16.0,2.0,0.035611096769571304,conditional
gaussian,16.0,2.0,0.0457251530891514,accumulated
gaussian,16.0,1.0,0.3258613646030426,marginal
gaussian,16.0,1.0,0.3404237627983093,conditional
gaussian,16.0,1.0,0.129147184076076,accumulated
gaussian,17.0,3.0,0.035652440041303635,marginal
gaussian,17.0,3.0,0.03418755158782005,conditional
gaussian,17.0,3.0,0.04266800315846195,accumulated
gaussian,17.0,2.0,0.13985556364059448,marginal
gaussian,17.0,2.0,0.14085164666175842,conditional
gaussian,17.0,2.0,0.08126724856409677,accumulated
gaussian,17.0,1.0,0.19528213143348694,marginal
gaussian,17.0,1.0,0.23309031128883362,conditional
gaussian,17.0,1.0,0.1348187561185843,accumulated
gaussian,18.0,3.0,0.014138905331492424,marginal
gaussian,18.0,3.0,0.012859055772423744,conditional
gaussian,18.0,3.0,0.01750911628084859,accumulated
gaussian,18.0,2.0,0.1571793109178543,marginal
gaussian,18.0,2.0,0.1665675938129425,conditional
gaussian,18.0,2.0,0.09276582657363183,accumulated
gaussian,18.0,1.0,0.47961679100990295,marginal
gaussian,18.0,1.0,0.48475855588912964,conditional
gaussian,18.0,1.0,0.1284207274891945,accumulated
gaussian,19.0,3.0,0.01909918151795864,marginal
gaussian,19.0,3.0,0.018321817740797997,conditional
gaussian,19.0,3.0,0.023092796417155944,accumulated
gaussian,19.0,2.0,0.052373845130205154,marginal
gaussian,19.0,2.0,0.06123809143900871,conditional
gaussian,19.0,2.0,0.07198292439095733,accumulated
gaussian,19.0,1.0,0.47007209062576294,marginal
gaussian,19.0,1.0,0.4777178168296814,conditional
gaussian,19.0,1.0,0.12737718959876587,accumulated
pima,0.0,3.0,0.15134337544441223,marginal
pima,0.0,3.0,0.15048247575759888,conditional
pima,0.0,3.0,0.04228696941987875,accumulated
pima,0.0,2.0,0.06591944396495819,marginal
pima,0.0,2.0,0.08619633316993713,conditional
pima,0.0,2.0,0.060643630745427106,accumulated
pima,0.0,1.0,0.21641898155212402,marginal
pima,0.0,1.0,0.2845701277256012,conditional
pima,0.0,1.0,0.24267982654915776,accumulated
pima,1.0,3.0,0.07150526344776154,marginal
pima,1.0,3.0,0.06875243782997131,conditional
pima,1.0,3.0,0.03035389534734055,accumulated
pima,1.0,2.0,0.582208514213562,marginal
pima,1.0,2.0,0.5049861669540405,conditional
pima,1.0,2.0,0.10243966014579498,accumulated
pima,1.0,1.0,0.3863314390182495,marginal
pima,1.0,1.0,0.38585394620895386,conditional
pima,1.0,1.0,0.18053327702306005,accumulated
pima,2.0,3.0,0.012096121907234192,marginal
pima,2.0,3.0,0.014668797142803669,conditional
pima,2.0,3.0,0.01445216427888131,accumulated
pima,2.0,2.0,0.3269219398498535,marginal
pima,2.0,2.0,0.3954547643661499,conditional
pima,2.0,2.0,0.09013082165354812,accumulated
pima,2.0,1.0,0.3270103335380554,marginal
pima,2.0,1.0,0.39551740884780884,conditional
pima,2.0,1.0,0.09011576942168811,accumulated
pima,3.0,3.0,0.10599775612354279,marginal
pima,3.0,3.0,0.10599469393491745,conditional
pima,3.0,3.0,0.04489078884996882,accumulated
pima,3.0,2.0,0.21086996793746948,marginal
pima,3.0,2.0,0.1874103844165802,conditional
pima,3.0,2.0,0.07472356595426445,accumulated
pima,3.0,1.0,0.32447606325149536,marginal
pima,3.0,1.0,0.3942151367664337,conditional
pima,3.0,1.0,0.08994550747449592,accumulated
pima,4.0,3.0,0.058845169842243195,marginal
pima,4.0,3.0,0.06205166503787041,conditional
pima,4.0,3.0,0.031406912746804475,accumulated
pima,4.0,2.0,0.261458158493042,marginal
pima,4.0,2.0,0.25220322608947754,conditional
pima,4.0,2.0,0.11699951072202416,accumulated
pima,4.0,1.0,0.15569430589675903,marginal
pima,4.0,1.0,0.2187432497739792,conditional
pima,4.0,1.0,0.14288054898580455,accumulated
pima,5.0,3.0,0.013697443529963493,marginal
pima,5.0,3.0,0.018382001668214798,conditional
pima,5.0,3.0,0.014182027982404874,accumulated
pima,5.0,2.0,0.1848241686820984,marginal
pima,5.0,2.0,0.2144414335489273,conditional
pima,5.0,2.0,0.09304093785580132,accumulated
pima,5.0,1.0,0.32302194833755493,marginal
pima,5.0,1.0,0.39385342597961426,conditional
pima,5.0,1.0,0.08950947926811582,accumulated
pima,6.0,3.0,0.043277107179164886,marginal
pima,6.0,3.0,0.04291348159313202,conditional
pima,6.0,3.0,0.020272964845388243,accumulated
pima,6.0,2.0,0.08912773430347443,marginal
pima,6.0,2.0,0.08979307115077972,conditional
pima,6.0,2.0,0.0809679484849427,accumulated
pima,6.0,1.0,0.1575898975133896,marginal
pima,6.0,1.0,0.2071329802274704,conditional
pima,6.0,1.0,0.16335144317939987,accumulated
pima,7.0,3.0,0.14278127253055573,marginal
pima,7.0,3.0,0.15157444775104523,conditional
pima,7.0,3.0,0.061024156301712186,accumulated
pima,7.0,2.0,0.18167175352573395,marginal
pima,7.0,2.0,0.19395431876182556,conditional
pima,7.0,2.0,0.06184630283636976,accumulated
pima,7.0,1.0,0.3270050883293152,marginal
pima,7.0,1.0,0.3955151438713074,conditional
pima,7.0,1.0,0.09011710223174149,accumulated
pima,8.0,3.0,0.23282906413078308,marginal
pima,8.0,3.0,0.2227276712656021,conditional
pima,8.0,3.0,0.057734743406548286,accumulated
pima,8.0,2.0,0.09867261350154877,marginal
pima,8.0,2.0,0.10487054288387299,conditional
pima,8.0,2.0,0.08335346375640908,accumulated
pima,8.0,1.0,0.1623857021331787,marginal
pima,8.0,1.0,0.23340173065662384,conditional
pima,8.0,1.0,0.16295954775360721,accumulated
pima,9.0,3.0,0.037771906703710556,marginal
pima,9.0,3.0,0.034920528531074524,conditional
pima,9.0,3.0,0.020439237041093367,accumulated
pima,9.0,2.0,0.3270101547241211,marginal
pima,9.0,2.0,0.3955172300338745,conditional
pima,9.0,2.0,0.09011566986667488,accumulated
pima,9.0,1.0,0.3270103335380554,marginal
pima,9.0,1.0,0.39551740884780884,conditional
pima,9.0,1.0,0.09011576942054242,accumulated
pima,10.0,3.0,0.10172836482524872,marginal
pima,10.0,3.0,0.10160878300666809,conditional
pima,10.0,3.0,0.041310502315234116,accumulated
pima,10.0,2.0,0.25456541776657104,marginal
pima,10.0,2.0,0.2994804382324219,conditional
pima,10.0,2.0,0.06060759723014489,accumulated
pima,10.0,1.0,0.2889019250869751,marginal
pima,10.0,1.0,0.36299845576286316,conditional
pima,10.0,1.0,0.08246522890053348,accumulated
pima,11.0,3.0,0.02431146800518036,marginal
pima,11.0,3.0,0.028095878660678864,conditional
pima,11.0,3.0,0.014498292475211175,accumulated
pima,11.0,2.0,0.13191552460193634,marginal
pima,11.0,2.0,0.13893966376781464,conditional
pima,11.0,2.0,0.06295892925013953,accumulated
pima,11.0,1.0,0.17643049359321594,marginal
pima,11.0,1.0,0.2781345248222351,conditional
pima,11.0,1.0,0.2615997421016098,accumulated
pima,12.0,3.0,0.0617121197283268,marginal
pima,12.0,3.0,0.05905868113040924,conditional
pima,12.0,3.0,0.019307230077363915,accumulated
pima,12.0,2.0,0.3270030617713928,marginal
pima,12.0,2.0,0.3955111503601074,conditional
pima,12.0,2.0,0.09011206647807996,accumulated
pima,12.0,1.0,0.3270103335380554,marginal
pima,12.0,1.0,0.39551740884780884,conditional
pima,12.0,1.0,0.09011576941964508,accumulated
pima,13.0,3.0,0.021321158856153488,marginal
pima,13.0,3.0,0.022775668650865555,conditional
pima,13.0,3.0,0.007809065125440141,accumulated
pima,13.0,2.0,0.3184297978878021,marginal
pima,13.0,2.0,0.38706791400909424,conditional
pima,13.0,2.0,0.08762766880209727,accumulated
pima,13.0,1.0,0.3270103335380554,marginal
pima,13.0,1.0,0.39551740884780884,conditional
pima,13.0,1.0,0.09011576942110955,accumulated
pima,14.0,3.0,0.21505454182624817,marginal
pima,14.0,3.0,0.20844770967960358,conditional
pima,14.0,3.0,0.05327001491144265,accumulated
pima,14.0,2.0,0.4222843647003174,marginal
pima,14.0,2.0,0.3866868019104004,conditional
pima,14.0,2.0,0.07560147229720177,accumulated
pima,14.0,1.0,0.6096024513244629,marginal
pima,14.0,1.0,0.5584448575973511,conditional
pima,14.0,1.0,0.08414409668021228,accumulated
pima,15.0,3.0,0.017987839877605438,marginal
pima,15.0,3.0,0.02036941796541214,conditional
pima,15.0,3.0,0.012772090739512805,accumulated
pima,15.0,2.0,0.2772006094455719,marginal
pima,15.0,2.0,0.33190321922302246,conditional
pima,15.0,2.0,0.054819318422124036,accumulated
pima,15.0,1.0,0.3270103335380554,marginal
pima,15.0,1.0,0.39551740884780884,conditional
pima,15.0,1.0,0.0901157694531754,accumulated
pima,16.0,3.0,0.10479661077260971,marginal
pima,16.0,3.0,0.1032201498746872,conditional
pima,16.0,3.0,0.05094032780363373,accumulated
pima,16.0,2.0,0.10895392298698425,marginal
pima,16.0,2.0,0.12508150935173035,conditional
pima,16.0,2.0,0.12700071387789816,accumulated
pima,16.0,1.0,0.2558383643627167,marginal
pima,16.0,1.0,0.321946382522583,conditional
pima,16.0,1.0,0.09454661607299955,accumulated
pima,17.0,3.0,0.14528346061706543,marginal
pima,17.0,3.0,0.1446807086467743,conditional
pima,17.0,3.0,0.042897740046659416,accumulated
pima,17.0,2.0,0.565813422203064,marginal
pima,17.0,2.0,0.5159094333648682,conditional
pima,17.0,2.0,0.11290067816412935,accumulated
pima,17.0,1.0,0.4055582880973816,marginal
pima,17.0,1.0,0.3797077536582947,conditional
pima,17.0,1.0,0.18044096443159283,accumulated
pima,18.0,3.0,0.2580341696739197,marginal
pima,18.0,3.0,0.2967602014541626,conditional
pima,18.0,3.0,0.056505537906638446,accumulated
pima,18.0,2.0,0.3262796401977539,marginal
pima,18.0,2.0,0.3944779634475708,conditional
pima,18.0,2.0,0.08948678775095983,accumulated
pima,18.0,1.0,0.3263891637325287,marginal
pima,18.0,1.0,0.3951917290687561,conditional
pima,18.0,1.0,0.0901489116695478,accumulated
pima,19.0,3.0,0.06510358303785324,marginal
pima,19.0,3.0,0.06394784152507782,conditional
pima,19.0,3.0,0.023472406293624064,accumulated
pima,19.0,2.0,0.32602977752685547,marginal
pima,19.0,2.0,0.3942306637763977,conditional
pima,19.0,2.0,0.08886528723807155,accumulated
pima,19.0,1.0,0.3270103335380554,marginal
pima,19.0,1.0,0.39551740884780884,conditional
pima,19.0,1.0,0.09011576891392278,accumulated
heart,0.0,3.0,0.03995808959007263,marginal
heart,0.0,3.0,0.04444166272878647,conditional
heart,0.0,3.0,0.03748026534810027,accumulated
heart,0.0,2.0,0.12638914585113525,marginal
heart,0.0,2.0,0.1402837187051773,conditional
heart,0.0,2.0,0.06140093464714617,accumulated
heart,0.0,1.0,0.07307019829750061,marginal
heart,0.0,1.0,0.17200317978858948,conditional
heart,0.0,1.0,0.10952484875989077,accumulated
heart,1.0,3.0,0.012686075642704964,marginal
heart,1.0,3.0,0.01861017942428589,conditional
heart,1.0,3.0,0.012261139524533771,accumulated
heart,1.0,2.0,0.19317147135734558,marginal
heart,1.0,2.0,0.2306254506111145,conditional
heart,1.0,2.0,0.10253186317839502,accumulated
heart,1.0,1.0,0.19843919575214386,marginal
heart,1.0,1.0,0.2380167692899704,conditional
heart,1.0,1.0,0.09021409173058789,accumulated
heart,2.0,3.0,0.0627841129899025,marginal
heart,2.0,3.0,0.06540004163980484,conditional
heart,2.0,3.0,0.04043397535512047,accumulated
heart,2.0,2.0,0.1708642542362213,marginal
heart,2.0,2.0,0.19466321170330048,conditional
heart,2.0,2.0,0.07614204216505277,accumulated
heart,2.0,1.0,0.19771915674209595,marginal
heart,2.0,1.0,0.23767471313476562,conditional
heart,2.0,1.0,0.09021409175942079,accumulated
heart,3.0,3.0,0.007679226342588663,marginal
heart,3.0,3.0,0.011655771173536777,conditional
heart,3.0,3.0,0.02194505257020637,accumulated
heart,3.0,2.0,0.19245614111423492,marginal
heart,3.0,2.0,0.21836654841899872,conditional
heart,3.0,2.0,0.11209965378713188,accumulated
heart,3.0,1.0,0.06580182909965515,marginal
heart,3.0,1.0,0.12107496708631516,conditional
heart,3.0,1.0,0.09849501966954641,accumulated
heart,4.0,3.0,0.01531227957457304,marginal
heart,4.0,3.0,0.01775234378874302,conditional
heart,4.0,3.0,0.010273727407368578,accumulated
heart,4.0,2.0,0.19591373205184937,marginal
heart,4.0,2.0,0.23363259434700012,conditional
heart,4.0,2.0,0.08739180881299885,accumulated
heart,4.0,1.0,0.19838979840278625,marginal
heart,4.0,1.0,0.2380167692899704,conditional
heart,4.0,1.0,0.09021409175940273,accumulated
heart,5.0,3.0,0.006726736202836037,marginal
heart,5.0,3.0,0.010817183181643486,conditional
heart,5.0,3.0,0.013485530858994288,accumulated
heart,5.0,2.0,0.1969831883907318,marginal
heart,5.0,2.0,0.237502783536911,conditional
heart,5.0,2.0,0.0896667041125297,accumulated
heart,5.0,1.0,0.14599385857582092,marginal
heart,5.0,1.0,0.20374281704425812,conditional
heart,5.0,1.0,0.07919047885115466,accumulated
heart,6.0,3.0,0.04134069383144379,marginal
heart,6.0,3.0,0.04228988289833069,conditional
heart,6.0,3.0,0.031780146264228044,accumulated
heart,6.0,2.0,0.0960514172911644,marginal
heart,6.0,2.0,0.09778288006782532,conditional
heart,6.0,2.0,0.055775497661014514,accumulated
heart,6.0,1.0,0.1387646645307541,marginal
heart,6.0,1.0,0.18865114450454712,conditional
heart,6.0,1.0,0.07960949577812837,accumulated
heart,7.0,3.0,0.0044325836934149265,marginal
heart,7.0,3.0,0.005383267533034086,conditional
heart,7.0,3.0,0.013105752258821836,accumulated
heart,7.0,2.0,0.14692555367946625,marginal
heart,7.0,2.0,0.15489061176776886,conditional
heart,7.0,2.0,0.07190454987236557,accumulated
heart,7.0,1.0,0.09320998936891556,marginal
heart,7.0,1.0,0.15348008275032043,conditional
heart,7.0,1.0,0.10837380585998523,accumulated
heart,8.0,3.0,0.02443397417664528,marginal
heart,8.0,3.0,0.028678515926003456,conditional
heart,8.0,3.0,0.0217329572133625,accumulated
heart,8.0,2.0,0.06773092597723007,marginal
heart,8.0,2.0,0.10001473873853683,conditional
heart,8.0,2.0,0.0682374476505586,accumulated
heart,8.0,1.0,0.11701907217502594,marginal
heart,8.0,1.0,0.17206336557865143,conditional
heart,8.0,1.0,0.09122064201905133,accumulated
heart,9.0,3.0,0.006571174133569002,marginal
heart,9.0,3.0,0.009726385585963726,conditional
heart,9.0,3.0,0.014526247381409582,accumulated
heart,9.0,2.0,0.15969868004322052,marginal
heart,9.0,2.0,0.19389908015727997,conditional
heart,9.0,2.0,0.07830186016721193,accumulated
heart,9.0,1.0,0.16996653378009796,marginal
heart,9.0,1.0,0.22658316791057587,conditional
heart,9.0,1.0,0.08335554202086964,accumulated
heart,10.0,3.0,0.017742475494742393,marginal
heart,10.0,3.0,0.018511150032281876,conditional
heart,10.0,3.0,0.01655695355061906,accumulated
heart,10.0,2.0,0.11251122504472733,marginal
heart,10.0,2.0,0.11565317213535309,conditional
heart,10.0,2.0,0.07414560780784633,accumulated
heart,10.0,1.0,0.19825011491775513,marginal
heart,10.0,1.0,0.23801618814468384,conditional
heart,10.0,1.0,0.09021417034145754,accumulated
heart,11.0,3.0,0.031836822628974915,marginal
heart,11.0,3.0,0.034305281937122345,conditional
heart,11.0,3.0,0.023607152115706298,accumulated
heart,11.0,2.0,0.12247119843959808,marginal
heart,11.0,2.0,0.15540777146816254,conditional
heart,11.0,2.0,0.04663012596804812,accumulated
heart,11.0,1.0,0.13075488805770874,marginal
heart,11.0,1.0,0.15138761699199677,conditional
heart,11.0,1.0,0.05981070989432201,accumulated
heart,12.0,3.0,0.027826577425003052,marginal
heart,12.0,3.0,0.03208097815513611,conditional
heart,12.0,3.0,0.018037762411557,accumulated
heart,12.0,2.0,0.18028537929058075,marginal
heart,12.0,2.0,0.2231493592262268,conditional
heart,12.0,2.0,0.08436317046162699,accumulated
heart,12.0,1.0,0.18480904400348663,marginal
heart,12.0,1.0,0.22663474082946777,conditional
heart,12.0,1.0,0.0917915780177408,accumulated
heart,13.0,3.0,0.06050096079707146,marginal
heart,13.0,3.0,0.0717758908867836,conditional
heart,13.0,3.0,0.04614790376068007,accumulated
heart,13.0,2.0,0.0617092065513134,marginal
heart,13.0,2.0,0.10041764378547668,conditional
heart,13.0,2.0,0.04368703439991868,accumulated
heart,13.0,1.0,0.1306653469800949,marginal
heart,13.0,1.0,0.17802880704402924,conditional
heart,13.0,1.0,0.09259082380444392,accumulated
heart,14.0,3.0,0.028898468241095543,marginal
heart,14.0,3.0,0.032812245190143585,conditional
heart,14.0,3.0,0.02752578317245739,accumulated
heart,14.0,2.0,0.17716673016548157,marginal
heart,14.0,2.0,0.21791303157806396,conditional
heart,14.0,2.0,0.0806359449954974,accumulated
heart,14.0,1.0,0.14502808451652527,marginal
heart,14.0,1.0,0.17563766241073608,conditional
heart,14.0,1.0,0.09113962403559468,accumulated
heart,15.0,3.0,0.041818782687187195,marginal
heart,15.0,3.0,0.043326929211616516,conditional
heart,15.0,3.0,0.02795626205884448,accumulated
heart,15.0,2.0,0.19162219762802124,marginal
heart,15.0,2.0,0.23569631576538086,conditional
heart,15.0,2.0,0.08514459430586013,accumulated
heart,15.0,1.0,0.1980411857366562,marginal
heart,15.0,1.0,0.2379644215106964,conditional
heart,15.0,1.0,0.09021386765554228,accumulated
heart,16.0,3.0,0.06530287861824036,marginal
heart,16.0,3.0,0.06716363877058029,conditional
heart,16.0,3.0,0.045146711039380207,accumulated
heart,16.0,2.0,0.16031301021575928,marginal
heart,16.0,2.0,0.18794530630111694,conditional
heart,16.0,2.0,0.07004009941745443,accumulated
heart,16.0,1.0,0.19250382483005524,marginal
heart,16.0,1.0,0.22983476519584656,conditional
heart,16.0,1.0,0.08916742891918039,accumulated
heart,17.0,3.0,0.03248157352209091,marginal
heart,17.0,3.0,0.03132911026477814,conditional
heart,17.0,3.0,0.02771147667634755,accumulated
heart,17.0,2.0,0.1580764651298523,marginal
heart,17.0,2.0,0.174687922000885,conditional
heart,17.0,2.0,0.06839925452341376,accumulated
heart,17.0,1.0,0.17835049331188202,marginal
heart,17.0,1.0,0.22069697082042694,conditional
heart,17.0,1.0,0.10695567551325166,accumulated
heart,18.0,3.0,0.005858020391315222,marginal
heart,18.0,3.0,0.009486429393291473,conditional
heart,18.0,3.0,0.008757876727194063,accumulated
heart,18.0,2.0,0.08753751218318939,marginal
heart,18.0,2.0,0.10898611694574356,conditional
heart,18.0,2.0,0.054982659137852566,accumulated
heart,18.0,1.0,0.1924160122871399,marginal
heart,18.0,1.0,0.23720704019069672,conditional
heart,18.0,1.0,0.08866484567926824,accumulated
heart,19.0,3.0,0.03636770322918892,marginal
heart,19.0,3.0,0.03853495046496391,conditional
heart,19.0,3.0,0.02402816374815367,accumulated
heart,19.0,2.0,0.17665238678455353,marginal
heart,19.0,2.0,0.1966281533241272,conditional
heart,19.0,2.0,0.07743194302904238,accumulated
heart,19.0,1.0,0.19846336543560028,marginal
heart,19.0,1.0,0.2380167692899704,conditional
heart,19.0,1.0,0.09021409175940541,accumulated
adult,0.0,3.0,0.04677034541964531,marginal
adult,0.0,3.0,0.04251008853316307,conditional
adult,0.0,3.0,0.03165782678413738,accumulated
adult,0.0,2.0,0.025903863832354546,marginal
adult,0.0,2.0,0.022578611969947815,conditional
adult,0.0,2.0,0.03688919606715558,accumulated
adult,0.0,1.0,0.2825373113155365,marginal
adult,0.0,1.0,0.26933160424232483,conditional
adult,0.0,1.0,0.1476662192096667,accumulated
adult,1.0,3.0,0.021547339856624603,marginal
adult,1.0,3.0,0.01884566992521286,conditional
adult,1.0,3.0,0.025251259772709297,accumulated
adult,1.0,2.0,0.05142248794436455,marginal
adult,1.0,2.0,0.04499759152531624,conditional
adult,1.0,2.0,0.05606142992191315,accumulated
adult,1.0,1.0,0.32633256912231445,marginal
adult,1.0,1.0,0.31179431080818176,conditional
adult,1.0,1.0,0.1492309550653565,accumulated
adult,2.0,3.0,0.0566394217312336,marginal
adult,2.0,3.0,0.05151614546775818,conditional
adult,2.0,3.0,0.0475452686949811,accumulated
adult,2.0,2.0,0.32789891958236694,marginal
adult,2.0,2.0,0.31745782494544983,conditional
adult,2.0,2.0,0.14646317156709251,accumulated
adult,2.0,1.0,0.3290117084980011,marginal
adult,2.0,1.0,0.3183844983577728,conditional
adult,2.0,1.0,0.14766215723342566,accumulated
adult,3.0,3.0,0.06584226340055466,marginal
adult,3.0,3.0,0.06333047151565552,conditional
adult,3.0,3.0,0.03709807910064832,accumulated
adult,3.0,2.0,0.12288949638605118,marginal
adult,3.0,2.0,0.1071413978934288,conditional
adult,3.0,2.0,0.09294220143259868,accumulated
adult,3.0,1.0,0.3272377550601959,marginal
adult,3.0,1.0,0.3169642984867096,conditional
adult,3.0,1.0,0.147669524870758,accumulated
adult,4.0,3.0,0.013695098459720612,marginal
adult,4.0,3.0,0.011524473316967487,conditional
adult,4.0,3.0,0.01491754963619326,accumulated
adult,4.0,2.0,0.22793948650360107,marginal
adult,4.0,2.0,0.21557767689228058,conditional
adult,4.0,2.0,0.09082934585855036,accumulated
adult,4.0,1.0,0.2943677008152008,marginal
adult,4.0,1.0,0.273158997297287,conditional
adult,4.0,1.0,0.10277655446783834,accumulated
adult,5.0,3.0,0.03990212827920914,marginal
adult,5.0,3.0,0.03537267819046974,conditional
adult,5.0,3.0,0.034835762672302116,accumulated
adult,5.0,2.0,0.2362690418958664,marginal
adult,5.0,2.0,0.22737538814544678,conditional
adult,5.0,2.0,0.1270528958088302,accumulated
adult,5.0,1.0,0.29315993189811707,marginal
adult,5.0,1.0,0.27945488691329956,conditional
adult,5.0,1.0,0.19840152848588366,accumulated
adult,6.0,3.0,0.039861034601926804,marginal
adult,6.0,3.0,0.03688628226518631,conditional
adult,6.0,3.0,0.03742825415125547,accumulated
adult,6.0,2.0,0.057296428829431534,marginal
adult,6.0,2.0,0.07499805092811584,conditional
adult,6.0,2.0,0.06312359200488736,accumulated
adult,6.0,1.0,0.3189338743686676,marginal
adult,6.0,1.0,0.30948713421821594,conditional
adult,6.0,1.0,0.14769919845459434,accumulated
adult,7.0,3.0,0.05836934223771095,marginal
adult,7.0,3.0,0.053500328212976456,conditional
adult,7.0,3.0,0.04992690124051824,accumulated
adult,7.0,2.0,0.04912331700325012,marginal
adult,7.0,2.0,0.04453650116920471,conditional
adult,7.0,2.0,0.04863507876207871,accumulated
adult,7.0,1.0,0.27365556359291077,marginal
adult,7.0,1.0,0.25256597995758057,conditional
adult,7.0,1.0,0.12573822157297854,accumulated
adult,8.0,3.0,0.06504499167203903,marginal
adult,8.0,3.0,0.060158997774124146,conditional
adult,8.0,3.0,0.057084386511623064,accumulated
adult,8.0,2.0,0.06392542272806168,marginal
adult,8.0,2.0,0.06675928831100464,conditional
adult,8.0,2.0,0.07242988291155854,accumulated
adult,8.0,1.0,0.3289855420589447,marginal
adult,8.0,1.0,0.31837835907936096,conditional
adult,8.0,1.0,0.14766215353854908,accumulated
adult,9.0,3.0,0.05553083494305611,marginal
adult,9.0,3.0,0.05208795890212059,conditional
adult,9.0,3.0,0.039218612514734776,accumulated
adult,9.0,2.0,0.1512494832277298,marginal
adult,9.0,2.0,0.13833452761173248,conditional
adult,9.0,2.0,0.07600132984403875,accumulated
adult,9.0,1.0,0.3008909225463867,marginal
adult,9.0,1.0,0.29751428961753845,conditional
adult,9.0,1.0,0.1458276726617022,accumulated
adult,10.0,3.0,0.004507926758378744,marginal
adult,10.0,3.0,0.004747708328068256,conditional
adult,10.0,3.0,0.008276794141332856,accumulated
adult,10.0,2.0,0.2787095308303833,marginal
adult,10.0,2.0,0.2822297215461731,conditional
adult,10.0,2.0,0.10106481448488479,accumulated
adult,10.0,1.0,0.2792106568813324,marginal
adult,10.0,1.0,0.268534392118454,conditional
adult,10.0,1.0,0.14754799037955615,accumulated
adult,11.0,3.0,0.03851189836859703,marginal
adult,11.0,3.0,0.03459175303578377,conditional
adult,11.0,3.0,0.033173304062671806,accumulated
adult,11.0,2.0,0.19600290060043335,marginal
adult,11.0,2.0,0.18220318853855133,conditional
adult,11.0,2.0,0.1258161153679748,accumulated
adult,11.0,1.0,0.32901084423065186,marginal
adult,11.0,1.0,0.3183843195438385,conditional
adult,11.0,1.0,0.14766230317500992,accumulated
adult,12.0,3.0,0.02993825078010559,marginal
adult,12.0,3.0,0.03092125989496708,conditional
adult,12.0,3.0,0.04101954802816832,accumulated
adult,12.0,2.0,0.31875815987586975,marginal
adult,12.0,2.0,0.3085896670818329,conditional
adult,12.0,2.0,0.13203410750089933,accumulated
adult,12.0,1.0,0.3289860188961029,marginal
adult,12.0,1.0,0.31836917996406555,conditional
adult,12.0,1.0,0.14766215872878288,accumulated
adult,13.0,3.0,0.03042025864124298,marginal
adult,13.0,3.0,0.02713092416524887,conditional
adult,13.0,3.0,0.030003694647337806,accumulated
adult,13.0,2.0,0.03287544474005699,marginal
adult,13.0,2.0,0.039835307747125626,conditional
adult,13.0,2.0,0.10659373510283582,accumulated
adult,13.0,1.0,0.2905648648738861,marginal
adult,13.0,1.0,0.2780044972896576,conditional
adult,13.0,1.0,0.14733036618316994,accumulated
adult,14.0,3.0,0.10151378065347672,marginal
adult,14.0,3.0,0.09880057722330093,conditional
adult,14.0,3.0,0.04451742896484703,accumulated
adult,14.0,2.0,0.1058630421757698,marginal
adult,14.0,2.0,0.09705428034067154,conditional
adult,14.0,2.0,0.07748650098017461,accumulated
adult,14.0,1.0,0.3085958659648895,marginal
adult,14.0,1.0,0.2940405607223511,conditional
adult,14.0,1.0,0.14774760412072788,accumulated
adult,15.0,3.0,0.048618365079164505,marginal
adult,15.0,3.0,0.04142275080084801,conditional
adult,15.0,3.0,0.04242958884886231,accumulated
adult,15.0,2.0,0.05383265018463135,marginal
adult,15.0,2.0,0.04610385000705719,conditional
adult,15.0,2.0,0.054003224334651045,accumulated
adult,15.0,1.0,0.32900187373161316,marginal
adult,15.0,1.0,0.31838417053222656,conditional
adult,15.0,1.0,0.14766215742490477,accumulated
adult,16.0,3.0,0.029760465025901794,marginal
adult,16.0,3.0,0.027379140257835388,conditional
adult,16.0,3.0,0.017810557803435868,accumulated
adult,16.0,2.0,0.1270337551832199,marginal
adult,16.0,2.0,0.1216423436999321,conditional
adult,16.0,2.0,0.04883623126026332,accumulated
adult,16.0,1.0,0.3158400356769562,marginal
adult,16.0,1.0,0.3067997694015503,conditional
adult,16.0,1.0,0.14747725783937674,accumulated
adult,17.0,3.0,0.05567577853798866,marginal
adult,17.0,3.0,0.04793134704232216,conditional
adult,17.0,3.0,0.04974895313073874,accumulated
adult,17.0,2.0,0.10144573450088501,marginal
adult,17.0,2.0,0.08485715836286545,conditional
adult,17.0,2.0,0.07593205197997126,accumulated
adult,17.0,1.0,0.3288528323173523,marginal
adult,17.0,1.0,0.31830546259880066,conditional
adult,17.0,1.0,0.14766215723152412,accumulated
adult,18.0,3.0,0.06936051696538925,marginal
adult,18.0,3.0,0.06116591766476631,conditional
adult,18.0,3.0,0.05817563020199121,accumulated
adult,18.0,2.0,0.04950717091560364,marginal
adult,18.0,2.0,0.05728844925761223,conditional
adult,18.0,2.0,0.06389720222400762,accumulated
adult,18.0,1.0,0.2327987551689148,marginal
adult,18.0,1.0,0.2238660603761673,conditional
adult,18.0,1.0,0.32023132171161517,accumulated
adult,19.0,3.0,0.01642274297773838,marginal
adult,19.0,3.0,0.01673164963722229,conditional
adult,19.0,3.0,0.016421759999427132,accumulated
adult,19.0,2.0,0.19139765202999115,marginal
adult,19.0,2.0,0.1777026206254959,conditional
adult,19.0,2.0,0.1363305324940998,accumulated
adult,19.0,1.0,0.29688289761543274,marginal
adult,19.0,1.0,0.2877887785434723,conditional
adult,19.0,1.0,0.14754622957250257,accumulated
german,0.0,3.0,0.012409581802785397,marginal
german,0.0,3.0,0.02383781038224697,conditional
german,0.0,3.0,0.0027334373322154544,accumulated
german,0.0,2.0,0.5706161856651306,marginal
german,0.0,2.0,0.534902036190033,conditional
german,0.0,2.0,0.013479204618991469,accumulated
german,0.0,1.0,0.1662539839744568,marginal
german,0.0,1.0,0.1921929121017456,conditional
german,0.0,1.0,0.02352483694353139,accumulated
german,1.0,3.0,0.13370610773563385,marginal
german,1.0,3.0,0.12906800210475922,conditional
german,1.0,3.0,0.004469265675212646,accumulated
german,1.0,2.0,0.09664488583803177,marginal
german,1.0,2.0,0.1052822396159172,conditional
german,1.0,2.0,0.014148688022350865,accumulated
german,1.0,1.0,0.2507900893688202,marginal
german,1.0,1.0,0.28756624460220337,conditional
german,1.0,1.0,0.013217943646244087,accumulated
german,2.0,3.0,0.01784989982843399,marginal
german,2.0,3.0,0.022636642679572105,conditional
german,2.0,3.0,0.003320235772584258,accumulated
german,2.0,2.0,0.03575995936989784,marginal
german,2.0,2.0,0.0731300637125969,conditional
german,2.0,2.0,0.013979228284918266,accumulated
german,2.0,1.0,0.10919178277254105,marginal
german,2.0,1.0,0.1451534628868103,conditional
german,2.0,1.0,0.01938163107160505,accumulated
german,3.0,3.0,0.036410581320524216,marginal
german,3.0,3.0,0.03564580902457237,conditional
german,3.0,3.0,0.0009618580941740353,accumulated
german,3.0,2.0,0.1617603302001953,marginal
german,3.0,2.0,0.18509793281555176,conditional
german,3.0,2.0,0.0103699789827133,accumulated
german,3.0,1.0,0.21018697321414948,marginal
german,3.0,1.0,0.22415007650852203,conditional
german,3.0,1.0,0.0170526773637275,accumulated
german,4.0,3.0,0.007465056609362364,marginal
german,4.0,3.0,0.016744384542107582,conditional
german,4.0,3.0,0.004594141840655301,accumulated
german,4.0,2.0,0.3531980812549591,marginal
german,4.0,2.0,0.34295985102653503,conditional
german,4.0,2.0,0.016645549806514878,accumulated
german,4.0,1.0,0.04756643995642662,marginal
german,4.0,1.0,0.12515099346637726,conditional
german,4.0,1.0,0.013624308208366293,accumulated
german,5.0,3.0,0.011653788387775421,marginal
german,5.0,3.0,0.01851469837129116,conditional
german,5.0,3.0,0.0030308806883202824,accumulated
german,5.0,2.0,0.13199882209300995,marginal
german,5.0,2.0,0.1566952019929886,conditional
german,5.0,2.0,0.01564063407487722,accumulated
german,5.0,1.0,0.23340602219104767,marginal
german,5.0,1.0,0.24141699075698853,conditional
german,5.0,1.0,0.01779870451620891,accumulated
german,6.0,3.0,0.2599063217639923,marginal
german,6.0,3.0,0.24728046357631683,conditional
german,6.0,3.0,0.008178393374078134,accumulated
german,6.0,2.0,0.5246949195861816,marginal
german,6.0,2.0,0.5435104370117188,conditional
german,6.0,2.0,0.032666403629129356,accumulated
german,6.0,1.0,0.12237415462732315,marginal
german,6.0,1.0,0.16617220640182495,conditional
german,6.0,1.0,0.04685560325749014,accumulated
german,7.0,3.0,0.07598889619112015,marginal
german,7.0,3.0,0.0728660449385643,conditional
german,7.0,3.0,0.0027972577167499142,accumulated
german,7.0,2.0,0.582012414932251,marginal
german,7.0,2.0,0.5831448435783386,conditional
german,7.0,2.0,0.02210371136476373,accumulated
german,7.0,1.0,0.565794050693512,marginal
german,7.0,1.0,0.5471994280815125,conditional
german,7.0,1.0,0.016186131567868658,accumulated
german,8.0,3.0,0.10879138857126236,marginal
german,8.0,3.0,0.11366289108991623,conditional
german,8.0,3.0,0.003948758272972067,accumulated
german,8.0,2.0,0.21819420158863068,marginal
german,8.0,2.0,0.22321034967899323,conditional
german,8.0,2.0,0.013731863290471184,accumulated
german,8.0,1.0,0.21962344646453857,marginal
german,8.0,1.0,0.23247064650058746,conditional
german,8.0,1.0,0.01957128683183355,accumulated
german,9.0,3.0,0.19690798223018646,marginal
german,9.0,3.0,0.20548230409622192,conditional
german,9.0,3.0,0.01166633293893829,accumulated
german,9.0,2.0,0.18890424072742462,marginal
german,9.0,2.0,0.196772500872612,conditional
german,9.0,2.0,0.02135108297415343,accumulated
german,9.0,1.0,0.23340611159801483,marginal
german,9.0,1.0,0.24141700565814972,conditional
german,9.0,1.0,0.017798703877355163,accumulated
german,10.0,3.0,0.0699135884642601,marginal
german,10.0,3.0,0.07721146941184998,conditional
german,10.0,3.0,0.0025718898913708564,accumulated
german,10.0,2.0,0.05523759499192238,marginal
german,10.0,2.0,0.06964579969644547,conditional
german,10.0,2.0,0.009781888004366275,accumulated
german,10.0,1.0,0.1801290065050125,marginal
german,10.0,1.0,0.20899878442287445,conditional
german,10.0,1.0,0.017964580350163763,accumulated
german,11.0,3.0,0.050251808017492294,marginal
german,11.0,3.0,0.05061306431889534,conditional
german,11.0,3.0,0.003051369674856822,accumulated
german,11.0,2.0,0.1059756651520729,marginal
german,11.0,2.0,0.12507101893424988,conditional
german,11.0,2.0,0.014579703656198977,accumulated
german,11.0,1.0,0.19655662775039673,marginal
german,11.0,1.0,0.20920859277248383,conditional
german,11.0,1.0,0.015985970524145767,accumulated
german,12.0,3.0,0.033428583294153214,marginal
german,12.0,3.0,0.03227584436535835,conditional
german,12.0,3.0,0.002891918455411112,accumulated
german,12.0,2.0,0.7276726365089417,marginal
german,12.0,2.0,0.7247104644775391,conditional
german,12.0,2.0,0.012533691447834594,accumulated
german,12.0,1.0,0.7650289535522461,marginal
german,12.0,1.0,0.7579295039176941,conditional
german,12.0,1.0,0.017798390845254534,accumulated
german,13.0,3.0,0.1603238731622696,marginal
german,13.0,3.0,0.1504497230052948,conditional
german,13.0,3.0,0.0017979967771320786,accumulated
german,13.0,2.0,0.1262907087802887,marginal
german,13.0,2.0,0.1402270346879959,conditional
german,13.0,2.0,0.01673421203603737,accumulated
german,13.0,1.0,0.05607980489730835,marginal
german,13.0,1.0,0.10452002286911011,conditional
german,13.0,1.0,0.026567493888160664,accumulated
german,14.0,3.0,0.09546694159507751,marginal
german,14.0,3.0,0.09500067681074142,conditional
german,14.0,3.0,0.0039060111472148406,accumulated
german,14.0,2.0,0.034329839050769806,marginal
german,14.0,2.0,0.07870034128427505,conditional
german,14.0,2.0,0.026891882072443057,accumulated
german,14.0,1.0,0.22843019664287567,marginal
german,14.0,1.0,0.23525233566761017,conditional
german,14.0,1.0,0.01779870426626342,accumulated
german,15.0,3.0,0.10147520899772644,marginal
german,15.0,3.0,0.10055357217788696,conditional
german,15.0,3.0,0.005108545241268292,accumulated
german,15.0,2.0,0.5046427845954895,marginal
german,15.0,2.0,0.5128762125968933,conditional
german,15.0,2.0,0.01013665287931181,accumulated
german,15.0,1.0,0.7356160283088684,marginal
german,15.0,1.0,0.7129632830619812,conditional
german,15.0,1.0,0.012625078259231476,accumulated
german,16.0,3.0,0.003833688097074628,marginal
german,16.0,3.0,0.014245663769543171,conditional
german,16.0,3.0,0.0035618841959482103,accumulated
german,16.0,2.0,0.1684730052947998,marginal
german,16.0,2.0,0.17817163467407227,conditional
german,16.0,2.0,0.015774120840021465,accumulated
german,16.0,1.0,0.08693438023328781,marginal
german,16.0,1.0,0.13582472503185272,conditional
german,16.0,1.0,0.03194362846708658,accumulated
german,17.0,3.0,0.061555612832307816,marginal
german,17.0,3.0,0.06490834802389145,conditional
german,17.0,3.0,0.004039926198166537,accumulated
german,17.0,2.0,0.06431328505277634,marginal
german,17.0,2.0,0.0806112065911293,conditional
german,17.0,2.0,0.012175325507868102,accumulated
german,17.0,1.0,0.07078184187412262,marginal
german,17.0,1.0,0.10751593112945557,conditional
german,17.0,1.0,0.03033788366951509,accumulated
german,18.0,3.0,0.08970456570386887,marginal
german,18.0,3.0,0.08852680772542953,conditional
german,18.0,3.0,0.003416961179457985,accumulated
german,18.0,2.0,0.4326592683792114,marginal
german,18.0,2.0,0.4262433350086212,conditional
german,18.0,2.0,0.0073406983851951,accumulated
german,18.0,1.0,0.6344394087791443,marginal
german,18.0,1.0,0.6259044408798218,conditional
german,18.0,1.0,0.014017586101749432,accumulated
german,19.0,3.0,0.011523236520588398,marginal
german,19.0,3.0,0.013819307088851929,conditional
german,19.0,3.0,0.00183071387331896,accumulated
german,19.0,2.0,0.04032205045223236,marginal
german,19.0,2.0,0.06425309926271439,conditional
german,19.0,2.0,0.004735572726964998,accumulated
german,19.0,1.0,0.15435317158699036,marginal
german,19.0,1.0,0.19330881536006927,conditional
german,19.0,1.0,0.01811013424324849,accumulated
